{"cameraMode":{"drawMode":0,"name":"Shaded","section":"Shading Mode"},"sceneLighting":true,"audioPlay":false,"sceneViewState":{"showFog":true,"showMaterialUpdate":false,"showSkybox":true,"showFlares":true,"showImageEffects":true,"showParticleSystems":true},"in2DMode":false,"pivot":{"x":35.96335220336914,"y":-1.9771398305892945,"z":73.18740844726563},"rotation":{"x":0.10418476164340973,"y":0.07805491238832474,"z":-0.008388126268982888,"w":0.991575300693512},"size":30.371273040771486,"orthographic":false}