{"cameraMode":{"drawMode":0,"name":"Shaded","section":"Shading Mode"},"sceneLighting":true,"audioPlay":false,"sceneViewState":{"showFog":true,"showMaterialUpdate":false,"showSkybox":true,"showFlares":true,"showImageEffects":true,"showParticleSystems":true},"in2DMode":false,"pivot":{"x":-27.86536407470703,"y":10.873546600341797,"z":-22.05112648010254},"rotation":{"x":0.15724992752075196,"y":-0.46880608797073367,"z":0.08501432836055756,"w":0.8651843667030335},"size":4.2868266105651859,"orthographic":false}