{"cameraMode":{"drawMode":0,"name":"Shaded","section":"Shading Mode"},"sceneLighting":true,"audioPlay":false,"sceneViewState":{"showFog":true,"showMaterialUpdate":false,"showSkybox":true,"showFlares":true,"showImageEffects":true,"showParticleSystems":true},"in2DMode":false,"pivot":{"x":25.570703506469728,"y":3.7049732208251955,"z":37.73230743408203},"rotation":{"x":0.12796549499034882,"y":-0.1256149858236313,"z":0.016016418114304544,"w":0.9838420152664185},"size":6.891939640045166,"orthographic":false}