{"cameraMode":{"drawMode":0,"name":"Shaded","section":"Shading Mode"},"sceneLighting":false,"audioPlay":false,"sceneViewState":{"showFog":true,"showMaterialUpdate":false,"showSkybox":false,"showFlares":true,"showImageEffects":true,"showParticleSystems":true},"in2DMode":false,"pivot":{"x":1.348031759262085,"y":0.08686628937721253,"z":0.28553730249404909},"rotation":{"x":0.0010446315864101053,"y":-0.7176324725151062,"z":0.0010764505714178086,"w":0.6964200735092163},"size":0.00005715767838410102,"orthographic":false}